<?xml version="1.0" encoding="UTF-8"?>

<MyGUI type="Skin" version="1.1">

	<!-- Panel background -->
	<Skin name = "GeomPanel_Back" size = "52 52" texture = "geom_panel.png">
	
		<BasisSkin type="SubSkin" offset = "7 0 45 29" align = "Right Top">
			<State name="normal" offset = "7 3 45 29"/>
		</BasisSkin>
		<BasisSkin type="SubSkin" offset = "0 0 7 29" align = "HStretch Top">
			<State name="normal" offset = "0 3 7 29"/>
		</BasisSkin>
		
		<BasisSkin type="SubSkin" offset = "7 29 45 9" align = "Right VStretch">
			<State name="normal" offset = "7 32 45 9"/>
		</BasisSkin>
		<BasisSkin type="SubSkin" offset = "0 29 7 9" align = "HStretch VStretch">
			<State name="normal" offset = "0 32 7 9"/>
		</BasisSkin>
		
		<BasisSkin type="SubSkin" offset = "7 38 45 14" align = "Right Bottom">
			<State name="normal" offset = "7 41 45 14"/>
		</BasisSkin>
		<BasisSkin type="SubSkin" offset = "0 38 7 14" align = "HStretch Bottom">
			<State name="normal" offset = "0 41 7 14"/>
		</BasisSkin>
	</Skin>
	
	<!-- Panel lock button -->
	<Skin name = "GeomPanel_LockButton" size = "25 25" texture = "geom_panel.png">
		<!--<Property key="StateCheck" value = "true" />-->
	
		<BasisSkin type="SubSkin" offset = "0 0 20 20" align = "HStretch VStretch">
			<State name="normal_checked" offset = "58 8 20 20"/>
			<State name="highlighted_checked" offset = "83 8 20 20"/>
			<State name="pushed_checked" offset = "107 8 20 20"/>
			<State name="normal" offset = "58 32 20 20"/>
			<State name="highlighted" offset = "83 32 20 20"/>
			<State name="pushed" offset = "107 32 20 20"/>
		</BasisSkin>
	</Skin>
	
	<!-- Panel item skin -->
	<Skin name = "GeomPanel_PanelEmpty" size = "4 4" texture = "geom_panel.png">
		<BasisSkin type="SubSkin" offset = "0 0 4 4" align = "Left Top">
			<State name="normal" offset = "252 0 4 4"/>
		</BasisSkin>
	</Skin>
	
	<Skin name = "GeomPanel_ItemButton" size = "26 21" texture = "geom_panel.png">
		<!--<Property key="StateCheck" value = "true" />-->
		<Property key="FontName" value = "Default" />
		<Property key="TextAlign" value = "Left" />
		
		<BasisSkin type="SubSkin" offset = "0 0 6 21" align = "Left VStretch">
			<State name="normal_checked" 		offset = "0 136 6 21"/>
			<State name="highlighted_checked" 	offset = "0 161 6 21"/>
			<State name="pushed_checked" 		offset = "0 186 6 21"/>
			<State name="normal" 				offset = "0 61 6 21"/>
			<State name="highlighted" 			offset = "0 86 6 21"/>
			<State name="pushed" 				offset = "0 111 6 21"/>
		</BasisSkin>
		
		<BasisSkin type="SubSkin" offset = "6 0 14 21" align = "HStretch VStretch">
			<State name="normal_checked" 		offset = "6 136 14 21"/>
			<State name="highlighted_checked" 	offset = "6 161 14 21"/>
			<State name="pushed_checked" 		offset = "6 186 14 21"/>
			<State name="normal" 				offset = "6 61 14 21"/>
			<State name="highlighted" 			offset = "6 86 14 21"/>
			<State name="pushed" 				offset = "6 111 14 21"/>
		</BasisSkin>
		
		<BasisSkin type="SubSkin" offset = "20 0 6 21" align = "Right VStretch">
			<State name="normal_checked" 		offset = "20 136 6 21"/>
			<State name="highlighted_checked" 	offset = "20 161 6 21"/>
			<State name="pushed_checked" 		offset = "20 186 6 21"/>
			<State name="normal" 				offset = "20 61 6 21"/>
			<State name="highlighted" 			offset = "20 86 6 21"/>
			<State name="pushed" 				offset = "20 111 6 21"/>
		</BasisSkin>
		
		<BasisSkin type="SimpleText" offset = "1 1 22 19" align = "Stretch">
			<State name="disabled" colour="#{MyGUI_Theme_Button_ColourNormal}" shift = "false"/>
			<State name="normal" colour="#{MyGUI_Theme_Button_ColourNormal}" shift = "false"/>
			<State name="highlighted" colour="#{MyGUI_Theme_Button_ColourNormal}" shift = "false"/>
			<State name="normal_checked" colour="#{MyGUI_Theme_Button_ColourPushed}" shift = "true"/>
			<State name="pushed" colour="#{MyGUI_Theme_Button_ColourPushed}" shift = "true"/>
		</BasisSkin>
	</Skin>

</MyGUI>